{
  "name": "AD524X",
  "keywords": "I2C,digital,PotentioMeter, AD5241, AD5242, AD5280, AD5282",
  "description": "Library to control digital potentiometer AD5241 AD5242 AD5280 AD5282",
  "authors":
  [
    {
      "name": "Rob Tillaart",
      "email": "Rob.Tillaart@gmail.com",
      "maintainer": true
    }
  ],
  "repository":
  {
    "type": "git",
    "url": "https://github.com/RobTillaart/AD524X"
  },
  "version": "0.5.0",
  "license": "MIT",
  "frameworks": "*",
  "platforms": "*",
  "headers": "AD524X.h"
}
